{"counter":{"PollCount":50},"gauge":{"Alloc":5708640,"BuckHashSys":4143,"CPUutilization01":0.2357227760976876,"CPUutilization02":0.2287194450626999,"CPUutilization03":0.10201876378309177,"CPUutilization04":0.06943269085237853,"CPUutilization05":0.03916055505447202,"CPUutilization06":0.026575693210376335,"CPUutilization07":0.019442159673515723,"CPUutilization08":0.013985219322474552,"CPUutilization09":0.01130422560373274,"CPUutilization10":0.010177415149347788,"FreeMemory":509214720,"Frees":9058,"GCCPUFraction":0.000008457530915330974,"GCSys":2554896,"HeapAlloc":5708640,"HeapIdle":892928,"HeapInuse":6709248,"HeapObjects":7143,"HeapReleased":696320,"HeapSys":7602176,"LastGC":1748607127458740000,"Lookups":0,"MCacheInuse":12080,"MCacheSys":15704,"MSpanInuse":89760,"MSpanSys":97920,"Mallocs":16201,"NextGC":7461458,"NumForcedGC":0,"NumGC":2,"OtherSys":1016825,"PauseTotalNs":293750,"RandomValue":0.17810346769903207,"StackInuse":786432,"StackSys":786432,"Sys":12078096,"TotalAlloc":7946176,"TotalMemory":17179869184}}